Task,Upper Level Penalized,Dev Loss,Dev Perplexity
Repeating Single Digit,True,0.0030104992911219597,1.30387544631958
Repeating Single Digit,False,0.0009608191903680563,1.1373664140701294
Sequence of Numbers,True,0.02193513885140419,6.049905776977539
Sequence of Numbers,False,0.00008914359204936773,1.1361485719680786
Sequence of Repeating Numbers,True,0.005314942449331284,1.5639755725860596
Sequence of Repeating Numbers,False,0.0003862652229145169,1.1355366706848145
Binary Counting,True,0.04351409524679184,41.34393310546875
Binary Counting,False,0.04342523589730263,48.611419677734375